{"cameraMode":{"drawMode":0,"name":"Shaded","section":"Shading Mode"},"sceneLighting":true,"audioPlay":false,"sceneViewState":{"showFog":false,"showMaterialUpdate":false,"showSkybox":false,"showFlares":false,"showImageEffects":false,"showParticleSystems":false},"in2DMode":false,"pivot":{"x":4.951972484588623,"y":1.764520525932312,"z":-0.37890625},"rotation":{"x":-0.23602305352687837,"y":0.4330121874809265,"z":-0.11857955157756806,"w":-0.8618192672729492},"size":26.057435989379884,"orthographic":false}