{"cameraMode":{"drawMode":0,"name":"Shaded","section":"Shading Mode"},"sceneLighting":true,"audioPlay":false,"sceneViewState":{"showFog":false,"showMaterialUpdate":false,"showSkybox":false,"showFlares":false,"showImageEffects":false,"showParticleSystems":false},"in2DMode":false,"pivot":{"x":3.6111230850219728,"y":2.448289155960083,"z":-1.5009715557098389},"rotation":{"x":-0.09611094743013382,"y":0.03194509819149971,"z":-0.0030987339559942486,"w":-0.994853138923645},"size":30.000232696533204,"orthographic":false}