{"cameraMode":{"drawMode":0,"name":"Shaded","section":"Shading Mode"},"sceneLighting":true,"audioPlay":false,"sceneViewState":{"showFog":false,"showMaterialUpdate":false,"showSkybox":false,"showFlares":false,"showImageEffects":false,"showParticleSystems":false},"in2DMode":false,"pivot":{"x":-7.343881607055664,"y":-1.6842894554138184,"z":-2.4377708435058595},"rotation":{"x":-0.11766961216926575,"y":0.11945920437574387,"z":-0.014257081784307957,"w":-0.9857383966445923},"size":49.39556884765625,"orthographic":false}