{"cameraMode":{"drawMode":0,"name":"Shaded","section":"Shading Mode"},"sceneLighting":true,"audioPlay":false,"sceneViewState":{"showFog":false,"showMaterialUpdate":false,"showSkybox":false,"showFlares":false,"showImageEffects":false,"showParticleSystems":false},"in2DMode":false,"pivot":{"x":-0.753953218460083,"y":2.1127467155456545,"z":0.9558162689208984},"rotation":{"x":-0.007792908698320389,"y":0.06953509151935578,"z":-0.0005083445576019585,"w":-0.9975489377975464},"size":17.022220611572267,"orthographic":false}