{"cameraMode":{"drawMode":0,"name":"Shaded","section":"Shading Mode"},"sceneLighting":true,"audioPlay":false,"sceneViewState":{"showFog":false,"showMaterialUpdate":false,"showSkybox":false,"showFlares":false,"showImageEffects":false,"showParticleSystems":false},"in2DMode":false,"pivot":{"x":-3.055786609649658,"y":-1.7753599882125855,"z":47.91409683227539},"rotation":{"x":-0.015309498645365239,"y":0.005096413195133209,"z":-0.0000635955948382616,"w":-0.9998698234558106},"size":63.110633850097659,"orthographic":false}