{"cameraMode":{"drawMode":0,"name":"Shaded","section":"Shading Mode"},"sceneLighting":true,"audioPlay":false,"sceneViewState":{"showFog":false,"showMaterialUpdate":false,"showSkybox":false,"showFlares":false,"showImageEffects":false,"showParticleSystems":false},"in2DMode":false,"pivot":{"x":-1.5700000524520875,"y":-0.8500000238418579,"z":0.0},"rotation":{"x":-0.034697480499744418,"y":0.07846656441688538,"z":-0.002699687145650387,"w":-0.9963091015815735},"size":14.418886184692383,"orthographic":false}