{"cameraMode":{"drawMode":0,"name":"Shaded","section":"Shading Mode"},"sceneLighting":true,"audioPlay":false,"sceneViewState":{"showFog":false,"showMaterialUpdate":false,"showSkybox":false,"showFlares":false,"showImageEffects":false,"showParticleSystems":false},"in2DMode":false,"pivot":{"x":3.415008544921875,"y":0.8338088989257813,"z":-0.07283508777618408},"rotation":{"x":-0.13269229233264924,"y":0.10298166424036026,"z":-0.01382664404809475,"w":-0.9856958985328674},"size":27.35027313232422,"orthographic":false}