{"cameraMode":{"drawMode":0,"name":"Shaded","section":"Shading Mode"},"sceneLighting":true,"audioPlay":false,"sceneViewState":{"showFog":false,"showMaterialUpdate":false,"showSkybox":false,"showFlares":false,"showImageEffects":false,"showParticleSystems":false},"in2DMode":false,"pivot":{"x":-0.7622759342193604,"y":7.1057963371276859,"z":0.05351448059082031},"rotation":{"x":-0.019766392186284066,"y":0.06503703445196152,"z":-0.0012848342303186656,"w":-0.9976862668991089},"size":18.039979934692384,"orthographic":false}