{"cameraMode":{"drawMode":0,"name":"Shaded","section":"Shading Mode"},"sceneLighting":true,"audioPlay":false,"sceneViewState":{"showFog":false,"showMaterialUpdate":false,"showSkybox":false,"showFlares":false,"showImageEffects":false,"showParticleSystems":false},"in2DMode":false,"pivot":{"x":0.9911260604858398,"y":-7.565858840942383,"z":-2.8707199096679689},"rotation":{"x":-0.09755875170230866,"y":0.04387441277503967,"z":-0.004301873035728931,"w":-0.9942529201507568},"size":22.05765724182129,"orthographic":false}