{"cameraMode":{"drawMode":0,"name":"Shaded","section":"Shading Mode"},"sceneLighting":true,"audioPlay":false,"sceneViewState":{"showFog":false,"showMaterialUpdate":false,"showSkybox":false,"showFlares":false,"showImageEffects":false,"showParticleSystems":false},"in2DMode":false,"pivot":{"x":0.31947243213653567,"y":1.7881720066070557,"z":0.28209590911865237},"rotation":{"x":0.029191672801971437,"y":-0.182791605591774,"z":-0.005396466702222824,"w":-0.982703447341919},"size":19.3802433013916,"orthographic":false}